epoch,time,train/box_loss,train/seg_loss,train/cls_loss,train/dfl_loss,metrics/precision(B),metrics/recall(B),metrics/mAP50(B),metrics/mAP50-95(B),metrics/precision(M),metrics/recall(M),metrics/mAP50(M),metrics/mAP50-95(M),val/box_loss,val/seg_loss,val/cls_loss,val/dfl_loss,lr/pg0,lr/pg1,lr/pg2
1,9.10534,2.14778,4.94205,3.50519,2.44527,0.39926,0.61772,0.42226,0.15293,0,0,0,0,1.75645,14.6455,8.51496,2.64344,0.07624,0.00024,0.00024
2,19.5494,1.51117,2.74556,1.66455,1.72865,0.68633,0.74213,0.80685,0.39464,0.0005,0.00204,0.00015,2e-05,1.55835,22.7337,1.91984,1.9815,0.051486,0.000485957,0.000485957
3,29.6979,1.4111,2.51448,1.30444,1.63165,0.69044,0.82435,0.90816,0.4566,0.00218,0.00306,0.00067,0.0001,1.44268,9.58655,2.4849,1.97323,0.0267278,0.00072779,0.00072779
4,40.1947,1.43051,2.40309,1.32075,1.63012,0.73897,0.87228,0.91721,0.47643,0,0,0,0,1.48785,7.4681,1.48614,1.82259,0.0019655,0.000965498,0.000965498
5,50.1488,1.39958,2.24822,1.10667,1.58751,0.78614,0.90177,0.94231,0.45962,0.01274,0.01122,0.00555,0.00076,1.58738,5.70808,1.45036,1.80138,0.000967,0.000967,0.000967
6,59.5585,1.3503,2.1141,1.01711,1.54865,0.92092,0.97538,0.98441,0.57866,0.05353,0.05108,0.04469,0.01233,1.32922,4.50442,0.98396,1.59726,0.00095875,0.00095875,0.00095875
7,68.1183,1.27512,2.03528,0.923,1.50297,0.87091,0.94106,0.98694,0.57382,0.16156,0.10543,0.09031,0.02351,1.37988,3.98155,0.96752,1.62979,0.0009505,0.0009505,0.0009505
8,78.5716,1.26769,1.89255,0.90174,1.49935,0.94633,0.9877,0.98837,0.60865,0.16435,0.16322,0.14374,0.04847,1.22224,2.41099,0.87443,1.48845,0.00094225,0.00094225,0.00094225
9,88.6137,1.25032,1.82264,0.86861,1.48622,0.95538,0.98673,0.99046,0.62908,0.232,0.2398,0.18324,0.06087,1.19305,2.12817,0.77366,1.47144,0.000934,0.000934,0.000934
10,98.5674,1.22381,1.71455,0.81135,1.45377,0.93864,0.97309,0.98565,0.61432,0.21655,0.21905,0.17136,0.05071,1.26553,2.12094,0.78313,1.50465,0.00092575,0.00092575,0.00092575
11,108.242,1.15364,1.66811,0.76089,1.41015,0.97797,0.99524,0.99277,0.612,0.24781,0.24796,0.19878,0.06216,1.23114,1.96975,0.72138,1.48351,0.0009175,0.0009175,0.0009175
12,116.446,1.15014,1.59874,0.76601,1.40087,0.97817,0.98391,0.99111,0.6316,0.29785,0.2928,0.23421,0.07878,1.19764,1.7927,0.69646,1.43575,0.00090925,0.00090925,0.00090925
13,124.739,1.14088,1.52588,0.71641,1.39697,0.97946,0.99169,0.99112,0.61214,0.26035,0.25918,0.22309,0.07615,1.26127,1.96937,0.72463,1.50604,0.000901,0.000901,0.000901
14,132.854,1.10244,1.46399,0.68839,1.37065,0.98481,0.98954,0.99335,0.61539,0.33657,0.33247,0.28049,0.09413,1.25379,1.58105,0.63903,1.52463,0.00089275,0.00089275,0.00089275
15,140.972,1.09343,1.41442,0.66998,1.36902,0.98606,0.99506,0.9947,0.62652,0.38726,0.38416,0.32061,0.09986,1.31045,1.59562,0.70643,1.55259,0.0008845,0.0008845,0.0008845
16,149.107,1.06999,1.40487,0.66049,1.35187,0.98951,0.99559,0.99355,0.63838,0.32367,0.31939,0.26949,0.09386,1.21044,1.7633,0.65153,1.47363,0.00087625,0.00087625,0.00087625
17,157.333,1.03463,1.34962,0.62681,1.32988,0.99306,0.99954,0.995,0.6539,0.40005,0.3964,0.33214,0.11091,1.14623,1.52445,0.61325,1.42615,0.000868,0.000868,0.000868
18,165.566,1.05446,1.35915,0.63416,1.34155,0.98649,0.99127,0.99163,0.58548,0.30877,0.30654,0.2582,0.08678,1.33471,1.81936,0.71861,1.59468,0.00085975,0.00085975,0.00085975
19,173.883,1.05631,1.35207,0.64305,1.33357,0.98724,0.99225,0.99346,0.62596,0.37684,0.37498,0.30623,0.10464,1.34865,1.52695,0.63953,1.53588,0.0008515,0.0008515,0.0008515
20,182.145,1.0138,1.2197,0.57102,1.30934,0.99055,0.99532,0.99363,0.67835,0.48,0.48265,0.40389,0.1366,1.14939,1.35529,0.57724,1.41497,0.00084325,0.00084325,0.00084325
21,190.424,0.98288,1.2208,0.56915,1.28671,0.99138,0.99607,0.99412,0.68619,0.51077,0.50812,0.43339,0.14715,1.14843,1.37511,0.56399,1.40761,0.000835,0.000835,0.000835
22,198.778,0.95347,1.1768,0.54917,1.27534,0.99122,0.99406,0.99433,0.6845,0.51633,0.51533,0.44104,0.15788,1.11163,1.28218,0.54698,1.38887,0.00082675,0.00082675,0.00082675
23,207.025,0.92081,1.14114,0.52642,1.24412,0.99168,0.99448,0.99439,0.69066,0.52699,0.52113,0.4511,0.15533,1.08797,1.33598,0.53558,1.3812,0.0008185,0.0008185,0.0008185
24,215.332,0.94273,1.18048,0.53921,1.25401,0.9918,0.9893,0.99412,0.64985,0.53608,0.53143,0.45076,0.15307,1.13253,1.33524,0.5434,1.42977,0.00081025,0.00081025,0.00081025
25,223.543,0.90909,1.07461,0.51941,1.23521,0.99397,0.99693,0.99451,0.67825,0.56006,0.55909,0.47827,0.16402,1.0697,1.30096,0.52165,1.38679,0.000802,0.000802,0.000802
26,231.784,0.87279,1.06359,0.50856,1.21621,0.99316,0.9978,0.99447,0.69583,0.56449,0.56523,0.48793,0.17359,1.04914,1.30218,0.50751,1.3625,0.00079375,0.00079375,0.00079375
27,240.147,0.86987,1.04581,0.50264,1.2137,0.99324,0.99838,0.9946,0.69958,0.65208,0.64825,0.55447,0.18653,1.05868,1.20143,0.50261,1.35797,0.0007855,0.0007855,0.0007855
28,248.333,0.85633,1.02817,0.47877,1.20244,0.9899,0.99642,0.99494,0.68845,0.63661,0.64336,0.53313,0.17285,1.08699,1.23645,0.52051,1.38045,0.00077725,0.00077725,0.00077725
29,256.435,0.83472,0.99217,0.49135,1.18423,0.99362,0.99813,0.99482,0.69787,0.66299,0.66195,0.57166,0.1984,1.05027,1.21646,0.49248,1.36462,0.000769,0.000769,0.000769
30,264.73,0.79726,0.96394,0.46069,1.16528,0.99414,0.99747,0.99458,0.70216,0.66593,0.66747,0.57537,0.2035,1.04732,1.19075,0.49054,1.37968,0.00076075,0.00076075,0.00076075
31,273.006,0.78253,0.95649,0.45442,1.15169,0.99246,0.99533,0.99268,0.68339,0.66472,0.66554,0.58342,0.20012,1.04369,1.15899,0.49635,1.36255,0.0007525,0.0007525,0.0007525
32,281.23,0.7832,0.95073,0.45816,1.14553,0.99507,0.99588,0.99496,0.7114,0.69379,0.69285,0.61974,0.21497,1.06976,1.17642,0.49516,1.37946,0.00074425,0.00074425,0.00074425
33,289.765,0.78002,0.95802,0.4593,1.14712,0.99313,0.99395,0.99316,0.7079,0.72846,0.72755,0.64014,0.21454,1.03918,1.16054,0.49544,1.36512,0.000736,0.000736,0.000736
34,298.027,0.71625,0.87779,0.41812,1.10625,0.99598,0.99693,0.99498,0.69166,0.68578,0.68383,0.59699,0.20609,1.11731,1.16759,0.5029,1.42024,0.00072775,0.00072775,0.00072775
35,306.297,0.73564,0.91238,0.43433,1.11677,0.99268,0.99681,0.99429,0.70635,0.71177,0.71224,0.6333,0.20919,1.0821,1.15812,0.48609,1.39373,0.0007195,0.0007195,0.0007195
36,314.404,0.74966,0.90442,0.43738,1.12771,0.99372,0.99734,0.99431,0.68345,0.69723,0.69894,0.61861,0.20968,1.07693,1.18664,0.47508,1.43074,0.00071125,0.00071125,0.00071125
37,322.429,0.70716,0.86089,0.4225,1.10223,0.99439,0.99864,0.99426,0.71005,0.70244,0.70306,0.61493,0.21199,1.00216,1.17148,0.45752,1.35368,0.000703,0.000703,0.000703
38,330.44,0.69834,0.83289,0.39875,1.08971,0.98617,0.99431,0.99455,0.6605,0.58493,0.58673,0.51106,0.18587,1.2737,1.24779,0.53346,1.61559,0.00069475,0.00069475,0.00069475
39,338.446,0.70196,0.908,0.42397,1.08981,0.99103,0.9924,0.99374,0.69405,0.61939,0.61322,0.53781,0.17881,1.06813,1.43276,0.49473,1.43099,0.0006865,0.0006865,0.0006865
40,346.462,0.68002,0.85325,0.40197,1.08198,0.9944,0.99756,0.99439,0.70463,0.68815,0.68966,0.60083,0.2139,1.01837,1.25439,0.46506,1.40474,0.00067825,0.00067825,0.00067825
41,354.567,0.67671,0.83932,0.40145,1.07596,0.99471,0.99505,0.99405,0.71389,0.7126,0.71239,0.6384,0.23022,1.01059,1.14854,0.44679,1.36753,0.00067,0.00067,0.00067
42,362.754,0.65961,0.84165,0.40098,1.06045,0.99304,0.99884,0.994,0.69546,0.68606,0.68204,0.59936,0.21226,1.05718,1.3191,0.48494,1.44769,0.00066175,0.00066175,0.00066175
43,370.822,0.66409,0.82574,0.39363,1.06827,0.99444,0.99053,0.9942,0.71532,0.76069,0.75155,0.68894,0.23516,0.9993,1.17476,0.45854,1.38819,0.0006535,0.0006535,0.0006535
44,378.96,0.65831,0.83231,0.39971,1.05964,0.99262,0.99511,0.99439,0.72305,0.77317,0.77361,0.71423,0.25116,0.97786,1.18318,0.44572,1.36739,0.00064525,0.00064525,0.00064525
45,387.134,0.63324,0.8383,0.39529,1.0571,0.99196,0.99815,0.99438,0.7293,0.71835,0.72033,0.64283,0.2304,0.98449,1.20286,0.44354,1.38634,0.000637,0.000637,0.000637
46,395.182,0.60939,0.8015,0.38102,1.04074,0.99388,0.9969,0.99357,0.71498,0.78602,0.78726,0.73072,0.25203,1.00819,1.14764,0.45457,1.42087,0.00062875,0.00062875,0.00062875
47,403.244,0.60318,0.79721,0.3738,1.03804,0.99513,0.99563,0.99415,0.73359,0.80744,0.80606,0.76381,0.2664,0.98274,1.12208,0.43224,1.3839,0.0006205,0.0006205,0.0006205
48,411.389,0.60607,0.81032,0.38361,1.0388,0.99334,0.9953,0.99364,0.71588,0.7014,0.70315,0.64367,0.24146,1.02274,1.17229,0.44045,1.40851,0.00061225,0.00061225,0.00061225
49,419.532,0.60593,0.78705,0.37728,1.03637,0.99312,0.99699,0.99411,0.71584,0.77342,0.7647,0.72048,0.24822,1.04454,1.13934,0.46185,1.42502,0.000604,0.000604,0.000604
50,427.609,0.57753,0.71806,0.34303,1.01094,0.9936,0.99609,0.99418,0.72717,0.75815,0.75832,0.69898,0.2564,1.00289,1.15876,0.43796,1.40199,0.00059575,0.00059575,0.00059575
51,435.717,0.57606,0.74765,0.36065,1.02251,0.99496,0.99625,0.994,0.73065,0.73728,0.73492,0.67758,0.2453,0.98321,1.22162,0.44505,1.39259,0.0005875,0.0005875,0.0005875
52,443.782,0.58876,0.78082,0.36974,1.01625,0.99121,0.99537,0.99249,0.73944,0.78018,0.77804,0.72881,0.26512,0.93434,1.1562,0.42081,1.34927,0.00057925,0.00057925,0.00057925
53,452.022,0.54689,0.74712,0.35,0.99073,0.99095,0.99391,0.99355,0.73528,0.82015,0.81583,0.78016,0.27463,0.94543,1.16958,0.42985,1.37579,0.000571,0.000571,0.000571
54,460.218,0.54497,0.7358,0.34689,0.9946,0.99212,0.99466,0.99365,0.73056,0.80553,0.80188,0.7626,0.27118,0.94788,1.14752,0.42674,1.3622,0.00056275,0.00056275,0.00056275
55,468.272,0.54218,0.70701,0.34256,0.99408,0.99285,0.99572,0.99415,0.73725,0.82217,0.82275,0.78743,0.28223,0.94146,1.13693,0.41638,1.40403,0.0005545,0.0005545,0.0005545
56,476.472,0.53362,0.69455,0.33086,0.98375,0.9931,0.99681,0.99426,0.73782,0.81471,0.81039,0.76828,0.28021,0.93721,1.09837,0.40532,1.38619,0.00054625,0.00054625,0.00054625
57,484.526,0.54175,0.70633,0.34251,0.99225,0.99616,0.99682,0.99419,0.74134,0.82043,0.81655,0.77816,0.28203,0.97039,1.11763,0.41661,1.40862,0.000538,0.000538,0.000538
58,492.704,0.51589,0.68396,0.33534,0.98155,0.99589,0.99734,0.99393,0.73403,0.82927,0.83176,0.78545,0.28475,0.96907,1.11508,0.41831,1.40869,0.00052975,0.00052975,0.00052975
59,500.828,0.52682,0.70797,0.33793,0.98397,0.99594,0.99728,0.99431,0.74542,0.79961,0.79675,0.74532,0.27552,0.97821,1.17668,0.41808,1.42529,0.0005215,0.0005215,0.0005215
60,508.823,0.52408,0.73219,0.34342,0.98475,0.99415,0.99675,0.99407,0.73881,0.78361,0.78127,0.74128,0.27667,0.9686,1.2283,0.4242,1.42807,0.00051325,0.00051325,0.00051325
61,516.812,0.5031,0.69231,0.32772,0.96631,0.99599,0.99582,0.99425,0.74464,0.78417,0.78327,0.73584,0.25684,0.94779,1.14767,0.4117,1.39954,0.000505,0.000505,0.000505
62,524.806,0.49545,0.64662,0.31632,0.96109,0.99414,0.99656,0.99389,0.7438,0.81134,0.80845,0.76501,0.28025,0.94233,1.16019,0.42,1.38617,0.00049675,0.00049675,0.00049675
63,532.909,0.49231,0.65663,0.31562,0.96196,0.99652,0.99712,0.99398,0.74245,0.79206,0.79172,0.7394,0.25435,0.96586,1.1737,0.42122,1.40995,0.0004885,0.0004885,0.0004885
64,540.959,0.51515,0.68259,0.33338,0.97498,0.99595,0.99672,0.99385,0.7417,0.75886,0.75714,0.70739,0.25459,0.91607,1.26811,0.40409,1.38714,0.00048025,0.00048025,0.00048025
65,548.94,0.48483,0.67549,0.32173,0.9554,0.9952,0.99627,0.99419,0.74315,0.76707,0.76648,0.72102,0.26679,0.91453,1.26265,0.40189,1.37575,0.000472,0.000472,0.000472
66,557.093,0.48372,0.64967,0.31659,0.95981,0.9948,0.99848,0.99389,0.7505,0.82876,0.8261,0.79423,0.29127,0.93418,1.16932,0.40542,1.42786,0.00046375,0.00046375,0.00046375
67,565.304,0.4861,0.64412,0.31185,0.96484,0.99228,0.99858,0.994,0.74907,0.79355,0.78769,0.75543,0.27681,0.94622,1.14623,0.4033,1.42169,0.0004555,0.0004555,0.0004555
68,573.32,0.47416,0.62146,0.3007,0.95285,0.99338,0.99714,0.99384,0.75075,0.79638,0.79364,0.75369,0.27732,0.96182,1.1564,0.40593,1.44796,0.00044725,0.00044725,0.00044725
69,581.312,0.47624,0.67069,0.31613,0.96046,0.99684,0.99766,0.99414,0.74544,0.82738,0.82646,0.78756,0.2892,0.96085,1.19997,0.40167,1.42795,0.000439,0.000439,0.000439
70,589.453,0.45806,0.63871,0.30543,0.94352,0.99632,0.99596,0.99437,0.75181,0.7942,0.78711,0.74746,0.27971,0.93228,1.16596,0.39938,1.41122,0.00043075,0.00043075,0.00043075
71,597.559,0.44683,0.59819,0.28862,0.93396,0.99406,0.9967,0.99421,0.75807,0.8217,0.8156,0.7975,0.30407,0.917,1.16769,0.39693,1.40022,0.0004225,0.0004225,0.0004225
72,605.775,0.44625,0.59129,0.29181,0.93734,0.99573,0.99432,0.99439,0.75252,0.81491,0.80459,0.78544,0.28897,0.9234,1.17036,0.39269,1.40625,0.00041425,0.00041425,0.00041425
73,613.682,0.43748,0.58628,0.28671,0.93041,0.99466,0.99526,0.99376,0.7469,0.81816,0.81061,0.78882,0.29711,0.97135,1.20472,0.41701,1.4576,0.000406,0.000406,0.000406
74,621.823,0.45692,0.60924,0.30166,0.9411,0.99397,0.99264,0.99291,0.7506,0.81382,0.8076,0.78444,0.28873,0.94124,1.17881,0.41112,1.42389,0.00039775,0.00039775,0.00039775
75,629.963,0.43478,0.58221,0.28768,0.9279,0.99516,0.99705,0.99399,0.75624,0.79779,0.79016,0.76726,0.28479,0.90496,1.19157,0.39309,1.39274,0.0003895,0.0003895,0.0003895
76,637.995,0.42691,0.57485,0.28471,0.9195,0.99415,0.99743,0.99397,0.74704,0.81617,0.81426,0.798,0.302,0.90787,1.19699,0.39339,1.4072,0.00038125,0.00038125,0.00038125
77,646.013,0.40322,0.53683,0.26851,0.90709,0.99593,0.99878,0.9942,0.75205,0.81867,0.81422,0.79321,0.29877,0.90493,1.16907,0.38858,1.41021,0.000373,0.000373,0.000373
78,654.01,0.4049,0.57297,0.28033,0.91775,0.99591,0.99759,0.99414,0.75266,0.82443,0.8219,0.79872,0.29789,0.93631,1.1753,0.39267,1.42389,0.00036475,0.00036475,0.00036475
79,662.013,0.39474,0.55218,0.27045,0.9039,0.99439,0.99656,0.99414,0.76143,0.83407,0.82886,0.81451,0.29991,0.93046,1.20146,0.3883,1.42091,0.0003565,0.0003565,0.0003565
80,670.106,0.41415,0.59614,0.28783,0.91496,0.99425,0.99596,0.99413,0.7547,0.83892,0.83649,0.81508,0.3011,0.94837,1.18359,0.40398,1.45508,0.00034825,0.00034825,0.00034825
81,678.135,0.39201,0.55045,0.26959,0.90551,0.9962,0.99708,0.99415,0.75871,0.79994,0.80004,0.76717,0.28896,0.92362,1.21397,0.39092,1.44278,0.00034,0.00034,0.00034
82,686.163,0.38759,0.53581,0.26439,0.89939,0.9954,0.99792,0.99423,0.75885,0.8311,0.83103,0.80099,0.30316,0.89558,1.21027,0.38805,1.41274,0.00033175,0.00033175,0.00033175
83,694.419,0.39739,0.54589,0.26763,0.90463,0.99317,0.99567,0.994,0.75805,0.80617,0.80618,0.77845,0.28531,0.90887,1.24009,0.39197,1.43647,0.0003235,0.0003235,0.0003235
84,702.509,0.39149,0.54601,0.26663,0.89811,0.99385,0.99733,0.99443,0.75445,0.80254,0.80293,0.76673,0.28875,0.91267,1.24826,0.39124,1.44168,0.00031525,0.00031525,0.00031525
85,710.559,0.38528,0.53831,0.26151,0.89844,0.99699,0.99689,0.99405,0.75504,0.82102,0.81996,0.78009,0.28545,0.93047,1.2209,0.39274,1.45927,0.000307,0.000307,0.000307
86,718.672,0.39613,0.5833,0.27463,0.90265,0.99667,0.99632,0.994,0.75652,0.83012,0.82668,0.79947,0.30624,0.92501,1.24371,0.38755,1.43904,0.00029875,0.00029875,0.00029875
87,726.934,0.37855,0.52963,0.26242,0.89517,0.99641,0.9958,0.99423,0.76055,0.84523,0.84082,0.81549,0.30518,0.91228,1.2041,0.38408,1.45388,0.0002905,0.0002905,0.0002905
88,735.171,0.37809,0.5528,0.26715,0.89529,0.99502,0.99346,0.99425,0.76018,0.83806,0.83173,0.80823,0.30525,0.93181,1.20823,0.38752,1.45029,0.00028225,0.00028225,0.00028225
89,743.26,0.36343,0.527,0.25494,0.8896,0.99224,0.9936,0.99348,0.75947,0.81278,0.8093,0.77966,0.29259,0.91597,1.23064,0.39102,1.45692,0.000274,0.000274,0.000274
90,751.457,0.3674,0.53965,0.26251,0.8913,0.99161,0.99843,0.99411,0.7641,0.83099,0.82564,0.80966,0.31138,0.90673,1.21137,0.38341,1.45452,0.00026575,0.00026575,0.00026575
91,759.797,0.36078,0.51026,0.25229,0.88534,0.99689,0.99665,0.99432,0.76457,0.82832,0.82468,0.80582,0.30423,0.89227,1.21263,0.38076,1.42676,0.0002575,0.0002575,0.0002575
92,767.811,0.36245,0.54138,0.26181,0.88613,0.99708,0.99888,0.99426,0.76742,0.84779,0.84841,0.82748,0.31832,0.89138,1.21817,0.37334,1.43446,0.00024925,0.00024925,0.00024925
93,775.99,0.34474,0.50957,0.25022,0.88082,0.99658,0.99813,0.99419,0.76382,0.83797,0.83773,0.81478,0.31296,0.89374,1.21285,0.38032,1.42266,0.000241,0.000241,0.000241
94,784.116,0.33889,0.48541,0.24118,0.873,0.99595,0.99657,0.99416,0.76782,0.84199,0.83883,0.81642,0.3148,0.89116,1.23,0.38308,1.42878,0.00023275,0.00023275,0.00023275
95,792.227,0.34639,0.51798,0.25585,0.8793,0.99646,0.99649,0.99422,0.76558,0.82489,0.82376,0.79558,0.29766,0.91035,1.24136,0.37926,1.44853,0.0002245,0.0002245,0.0002245
96,800.32,0.35489,0.53251,0.26006,0.8855,0.9933,0.99509,0.99421,0.76195,0.82381,0.81878,0.79625,0.30165,0.9092,1.28242,0.38738,1.46855,0.00021625,0.00021625,0.00021625
97,808.429,0.34765,0.52693,0.2581,0.87704,0.99541,0.99694,0.99408,0.76435,0.81295,0.81175,0.78981,0.29633,0.90939,1.27363,0.38766,1.44066,0.000208,0.000208,0.000208
98,816.579,0.34734,0.53433,0.25494,0.88079,0.99356,0.99751,0.99396,0.76613,0.82537,0.82228,0.80488,0.3051,0.90247,1.26908,0.3803,1.44762,0.00019975,0.00019975,0.00019975
99,824.644,0.33388,0.4992,0.24322,0.86855,0.99629,0.99737,0.99416,0.76705,0.85542,0.85476,0.8348,0.32355,0.89065,1.24783,0.37313,1.44017,0.0001915,0.0001915,0.0001915
100,832.9,0.3369,0.52514,0.25209,0.87097,0.99681,0.99757,0.99393,0.76578,0.82684,0.82359,0.80571,0.30107,0.90492,1.25844,0.37744,1.4553,0.00018325,0.00018325,0.00018325
101,841.144,0.33839,0.50981,0.24529,0.86904,0.99706,0.99778,0.994,0.7616,0.82392,0.82251,0.7984,0.31217,0.89171,1.26533,0.37553,1.44669,0.000175,0.000175,0.000175
102,849.278,0.32729,0.51036,0.24507,0.86661,0.99727,0.99715,0.99422,0.76799,0.84376,0.84215,0.82216,0.31706,0.88659,1.26171,0.36848,1.43451,0.00016675,0.00016675,0.00016675
103,857.484,0.3226,0.48019,0.23606,0.86408,0.99545,0.99794,0.99427,0.7703,0.83234,0.83061,0.81634,0.31629,0.90348,1.29716,0.37413,1.46889,0.0001585,0.0001585,0.0001585
104,865.688,0.33659,0.54546,0.25778,0.8774,0.99623,0.99761,0.99425,0.7696,0.84474,0.84403,0.82195,0.31917,0.88236,1.28503,0.36893,1.4443,0.00015025,0.00015025,0.00015025
105,873.709,0.31105,0.47449,0.23832,0.86469,0.99665,0.99861,0.99419,0.76858,0.84098,0.83984,0.82053,0.31251,0.88211,1.27862,0.37252,1.43198,0.000142,0.000142,0.000142
106,881.793,0.30806,0.48419,0.23679,0.86272,0.9963,0.99819,0.99413,0.76854,0.84958,0.84681,0.8215,0.31532,0.88143,1.25738,0.37289,1.43978,0.00013375,0.00013375,0.00013375
107,889.902,0.3006,0.46447,0.22893,0.85447,0.99343,0.99783,0.99421,0.77157,0.8444,0.84072,0.82486,0.32013,0.89659,1.29322,0.36864,1.45529,0.0001255,0.0001255,0.0001255
108,898.053,0.29999,0.45242,0.22241,0.85564,0.99523,0.99628,0.99427,0.76928,0.86005,0.85448,0.83858,0.32305,0.8885,1.29161,0.37219,1.46182,0.00011725,0.00011725,0.00011725
109,906.189,0.30839,0.49732,0.23857,0.86178,0.99652,0.99768,0.99407,0.76884,0.84557,0.84297,0.82719,0.31399,0.8878,1.29205,0.38178,1.45195,0.000109,0.000109,0.000109
110,914.244,0.29241,0.44537,0.21941,0.85651,0.99669,0.9977,0.99431,0.77194,0.84436,0.8419,0.82903,0.31717,0.87758,1.29254,0.37189,1.44383,0.00010075,0.00010075,0.00010075
111,930.471,0.28513,0.40876,0.21069,0.84425,0.99661,0.99898,0.99436,0.77573,0.84924,0.85,0.83296,0.3232,0.87434,1.28195,0.36967,1.43902,9.25e-05,9.25e-05,9.25e-05
112,938.57,0.28041,0.40835,0.20786,0.84233,0.99606,0.99898,0.99413,0.77218,0.84983,0.84898,0.82845,0.32071,0.87894,1.26835,0.37528,1.43892,8.425e-05,8.425e-05,8.425e-05
113,946.55,0.2689,0.40407,0.20444,0.83815,0.99605,0.99852,0.99392,0.77225,0.85103,0.85204,0.83494,0.31895,0.87102,1.27386,0.37113,1.44362,7.6e-05,7.6e-05,7.6e-05
114,954.502,0.26561,0.39767,0.2013,0.83356,0.99574,0.9986,0.99409,0.77559,0.84642,0.84791,0.83259,0.32053,0.87455,1.27062,0.37219,1.44235,6.775e-05,6.775e-05,6.775e-05
115,962.442,0.26434,0.39592,0.20242,0.83539,0.99661,0.99782,0.9941,0.77501,0.84972,0.84873,0.8352,0.31888,0.86271,1.28342,0.36414,1.43674,5.95e-05,5.95e-05,5.95e-05
116,970.282,0.2607,0.39319,0.19954,0.83364,0.99599,0.99776,0.99398,0.77645,0.85162,0.85079,0.83489,0.32187,0.8771,1.28277,0.37017,1.45119,5.125e-05,5.125e-05,5.125e-05
117,978.324,0.2591,0.39451,0.1988,0.8296,0.99619,0.99894,0.994,0.77863,0.85912,0.85913,0.84787,0.32389,0.86272,1.29114,0.36705,1.43998,4.3e-05,4.3e-05,4.3e-05
118,986.565,0.26055,0.39081,0.20114,0.83429,0.99635,0.9986,0.99395,0.77726,0.85364,0.8531,0.83815,0.32347,0.87018,1.30104,0.3676,1.44235,3.475e-05,3.475e-05,3.475e-05
119,994.64,0.25282,0.38863,0.19687,0.83388,0.99663,0.99745,0.994,0.77747,0.84874,0.84809,0.83676,0.32292,0.87405,1.30512,0.36737,1.44882,2.65e-05,2.65e-05,2.65e-05
120,1002.71,0.24757,0.38763,0.19471,0.82969,0.99567,0.99788,0.99404,0.77728,0.84819,0.84768,0.83683,0.32163,0.87315,1.30263,0.36784,1.44864,1.825e-05,1.825e-05,1.825e-05
